scenario,baseline_us,patch_us,ratio,baseline_p95_us,patch_p95_us,baseline_bytes,patch_bytes,baseline_reductions,patch_reductions
modal open 80x24,295.6,1243.3,4.21,463.7,1907.9,8412,5406,28613.3,29812.4
modal close 80x24,205.1,982.5,4.79,247.8,1175.8,7994,5221,25715.1,29324.8
modal open 120x40,451.7,1396.1,3.09,587.5,1576.9,16061,8849,53508.2,39943.7
modal close 120x40,402.0,1288.6,3.21,491.7,1462.2,15359,8632,49960.4,38779.1
modal open 240x80,1151.0,2049.5,1.78,1885.4,3546.1,42216,17591,143923.2,56943.3
modal close 240x80,1228.2,2364.6,1.93,1660.6,2799.3,40959,17265,139110.2,57046.0
unchanged 240x80,1.3,1.3,1.0,4.5,4.9,0,0,207.4,207.4
initial draw 240x80,788.1,789.5,1.0,880.7,889.3,22718,22718,84718.9,84692.2
one character RGB,14.6,53.8,3.68,17.5,59.7,284,50,1574.8,2612.0
one character plain,12.6,19.5,1.55,16.1,22.9,247,247,1495.9,1585.3
scroll RGB one row,1116.5,2799.1,2.51,1598.8,4799.2,22711,4030,100270.0,77514.6
scroll plain one row,1025.5,1508.3,1.47,1396.2,1928.7,19751,19751,95529.4,100484.9
sparse foreground dim,991.3,1059.5,1.07,1154.9,1316.3,22711,7475,101083.4,52424.1
dense styled recolor,1298.5,6135.7,4.73,1462.6,6704.5,90791,67591,223664.7,138177.1
background recolor,644.1,1522.6,2.36,770.0,1756.4,22711,22711,96750.8,130359.0
wide Unicode fallback,2396.8,5803.8,2.42,2729.4,6759.9,53422,53422,211490.6,302589.3
combining Unicode dim,11080.6,12026.7,1.09,16467.0,17771.6,61111,61111,1046235.3,1066741.9
